WKT,id
"MULTIPOLYGON (((95221.5712638655 86920.1437024236,95183.7869507799 86950.2214360305,95187.5369753651 86954.9322997165,95189.9127861973 86953.0269062207,95192.5401355933 86956.2501492942,95206.8754982033 86945.2932560028,95204.2413205322 86941.8403567306,95225.5309764625 86925.128247686,95221.5712638655 86920.1437024236)))",
