WKT,id
MULTIPOLYGON (((95221.5622648207 86920.0907675222,95184.7712137562 86950.8280267557,95188.0045266994 86954.81977113,95190.1326882551 86953.2734894253,95191.1979221987 86954.6601013549,95205.5083257803 86943.5430932727,95204.2509263025 86942.0461891324,95224.9880383266 86924.5024726076,95221.5622648207 86920.0907675222))),Area
